email,status
vu9krlh7ev@demo.com,not found
ggsehsrt6s@example.com,not found
w02gsg4r1s@mail.com,not found
uycq0juyhw@demo.com,not found
qodqmlfk73@demo.com,not found
j9iq1wdrx0@demo.com,not found
yssm9trp3s@mail.com,not found
tit720g4pq@test.com,not found
f38022ccu5@example.com,not found
upyyzrbien@test.com,not found
aajhkjjgow@example.com,not found
dqt0eq4o2x@example.com,not found
mjkyb2ohht@demo.com,not found
4nh8qae7an@mail.com,not found
b9imj04qkr@demo.com,unknown
b9imj04qkr@demo.com,not found
dzot75y2nd@example.com,not found
kc9okfuccx@example.com,not found
x6whoizygx@demo.com,not found
c3cejm85vl@test.com,not found
wxzohidw7q@test.com,not found
Slinxchaine@gmail.com,exists
6m4lv70mp4@test.com,not found
csghenmz32@test.com,not found
7h3ewxhxsb@test.com,not found
7wg4c1q1hq@demo.com,not found
w25skcq651@example.com,not found
8sp2qxi5ax@demo.com,not found
tds9c1rrhh@test.com,not found
18jvqi8tzj@mail.com,not found
441a3jfub0@demo.com,not found
xmcyffiqun@demo.com,unknown
xmcyffiqun@demo.com,not found
6oy19qpvn9@example.com,not found
1dxn5mlc6m@mail.com,not found
oc2n6xfni3@example.com,not found
lcwe20to1z@test.com,not found
5yml9lxgjs@demo.com,not found
3dlujrnrd0@example.com,not found
yn8457y7oi@mail.com,not found
test@gmail.com,exists
l3xad8lzxi@demo.com,not found
kb35xufcpa@test.com,not found
ufdvlmnfrt@example.com,not found
licz3jyzzh@test.com,not found
fvwzibrdp7@test.com,not found
0nn1jc4mtr@test.com,not found
9gal5d5uxp@demo.com,not found
xthhoasnj7@example.com,unknown
xthhoasnj7@example.com,not found
iiahid0scs@test.com,not found
vt6kt1mh2b@example.com,not found
suk4gkh3qp@example.com,not found
emrj5codqq@test.com,not found
ie354kh9ds@mail.com,not found
0sunojiuhf@example.com,not found
g95hvbo8nh@test.com,not found
33slo432dy@demo.com,not found
